{
    "id": ["EPI_ISL_402124", "EPI_ISL_616134", "EPI_ISL_794494", "EPI_ISL_1025594", "EPI_ISL_1874462", "EPI_ISL_758521", "EPI_ISL_747765", "EPI_ISL_713345", "EPI_ISL_1891001", "EPI_ISL_713694"],
    "x": [1, 3, 5, 7, 9, 11, 13, 15, 17, 19],
    "y": [0.0035090365, 0.0028186627000000002, 0.0026228098, 0.0026228096, 0.0025892283, 0.0025556473, 0.0025892279, 0.0026563879, 0.0023863983, 0.0023863431],
    "group": ["B", "B.1.177.21", "B.1.177.21", "B.1.177.21", "B.1.177.21", "B.1.177.21", "B.1.177.21", "B.1.177.21", "B.1.177.21", "B.1.177.21", "B.1.177.21"]
}